classification_id,user_name,user_id,workflow_id,task,created_at,subject_id,extractor,data.aggregation_version,data.this-image-is-too-dark-or-blurry
103499132,not-logged-in-4265a4be250038b1e792,,6465,T6,2018-04-25 16:38:58 UTC,20860311,shortcut_extractor,3.4.5,
103566397,not-logged-in-25b4799fce23727ec1bd,,6465,T6,2018-04-25 21:16:33 UTC,20860311,shortcut_extractor,3.4.5,
103639140,not-logged-in-ac7ce2561f736e5bdba5,,6465,T6,2018-04-26 10:51:50 UTC,20860311,shortcut_extractor,3.4.5,
105060690,not-logged-in-4ccd2c468665de5b880a,,6465,T6,2018-05-01 14:56:59 UTC,20860311,shortcut_extractor,3.4.5,
111645797,not-logged-in-9c0f7da2bbb5a5a40705,,6465,T6,2018-05-28 01:59:56 UTC,20860311,shortcut_extractor,3.4.5,
113209853,Ebeths2018,1784204.0,6465,T6,2018-06-06 00:17:31 UTC,20860311,shortcut_extractor,3.4.5,
113830174,Penguinidentifier,1796957.0,6465,T6,2018-06-10 20:10:14 UTC,20860311,shortcut_extractor,3.4.5,
117027899,sbaugh6,1689882.0,6465,T6,2018-07-12 17:57:38 UTC,20860311,shortcut_extractor,3.4.5,
123206091,AKS59,1708483.0,6465,T6,2018-09-10 17:51:56 UTC,20860311,shortcut_extractor,3.4.5,
124033725,Gulnara,1802749.0,6465,T6,2018-09-18 03:44:36 UTC,20860311,shortcut_extractor,3.4.5,
103566763,Catbird422,1771424.0,6465,T6,2018-04-25 21:19:06 UTC,20860279,shortcut_extractor,3.4.5,
105149295,not-logged-in-5d9310d7a9171f53b153,,6465,T6,2018-05-01 19:28:58 UTC,20860279,shortcut_extractor,3.4.5,
106048701,not-logged-in-5b2ba55332f11cea7dff,,6465,T6,2018-05-04 18:56:36 UTC,20860279,shortcut_extractor,3.4.5,
106478247,Loganpaws,565516.0,6465,T6,2018-05-07 02:06:54 UTC,20860279,shortcut_extractor,3.4.5,
106606884,KateC13,1779874.0,6465,T6,2018-05-07 20:25:15 UTC,20860279,shortcut_extractor,3.4.5,
106722558,not-logged-in-f91a85af315d4740d66c,,6465,T6,2018-05-08 15:15:13 UTC,20860279,shortcut_extractor,3.4.5,
107188363,darktruth,478315.0,6465,T6,2018-05-11 13:47:17 UTC,20860279,shortcut_extractor,3.4.5,1.0
108067587,alphavictordelta,1784165.0,6465,T6,2018-05-17 19:39:05 UTC,20860279,shortcut_extractor,3.4.5,1.0
117633078,turtl,1804497.0,6465,T6,2018-07-18 11:23:44 UTC,20860279,shortcut_extractor,3.4.5,
120134516,not-logged-in-dec4ad0e75b1285c5e60,,6465,T6,2018-08-11 22:28:24 UTC,20860279,shortcut_extractor,3.4.5,1.0
103652937,not-logged-in-ccf321dc4680427a1784,,6465,T6,2018-04-26 12:56:22 UTC,20860272,shortcut_extractor,3.4.5,
104374763,Emma2017,1598096.0,6465,T6,2018-04-29 16:57:49 UTC,20860272,shortcut_extractor,3.4.5,
106313831,xfr,1775007.0,6465,T6,2018-05-06 00:15:59 UTC,20860272,shortcut_extractor,3.4.5,1.0
106720049,not-logged-in-f91a85af315d4740d66c,,6465,T6,2018-05-08 14:54:27 UTC,20860272,shortcut_extractor,3.4.5,
111086977,funtofunghi,1789690.0,6465,T6,2018-05-24 11:36:09 UTC,20860272,shortcut_extractor,3.4.5,
119580040,dwycherley,96622.0,6465,T6,2018-08-06 23:05:51 UTC,20860272,shortcut_extractor,3.4.5,
121851134,CeliaTesseur,1468205.0,6465,T6,2018-08-28 20:43:46 UTC,20860272,shortcut_extractor,3.4.5,
123867985,lisakg,1818161.0,6465,T6,2018-09-16 15:44:29 UTC,20860272,shortcut_extractor,3.4.5,
124164738,rubypheonix312,1603958.0,6465,T6,2018-09-19 07:33:54 UTC,20860272,shortcut_extractor,3.4.5,
124427602,sbaugh6,1689882.0,6465,T6,2018-09-21 16:42:01 UTC,20860272,shortcut_extractor,3.4.5,
103550282,pwendystevens,711441.0,6465,T6,2018-04-25 19:52:57 UTC,20860285,shortcut_extractor,3.4.5,
103571536,not-logged-in-726ad6f8fa5335b6ec02,,6465,T6,2018-04-25 21:51:17 UTC,20860285,shortcut_extractor,3.4.5,
104819531,not-logged-in-4594065358eb8dc536df,,6465,T6,2018-04-30 22:13:24 UTC,20860285,shortcut_extractor,3.4.5,
105247654,Melessalou,1777102.0,6465,T6,2018-05-02 00:44:24 UTC,20860285,shortcut_extractor,3.4.5,
111835858,suzanneschakel,1791274.0,6465,T6,2018-05-29 10:03:59 UTC,20860285,shortcut_extractor,3.4.5,
116739462,Tage,1803032.0,6465,T6,2018-07-10 15:05:30 UTC,20860285,shortcut_extractor,3.4.5,
116749685,Jon.E,1803057.0,6465,T6,2018-07-10 16:01:20 UTC,20860285,shortcut_extractor,3.4.5,
117044692,sbaugh6,1689882.0,6465,T6,2018-07-12 20:07:38 UTC,20860285,shortcut_extractor,3.4.5,
119484154,AKS59,1708483.0,6465,T6,2018-08-05 21:34:48 UTC,20860285,shortcut_extractor,3.4.5,
119687655,jujebot,1800356.0,6465,T6,2018-08-08 03:12:03 UTC,20860285,shortcut_extractor,3.4.5,
103631104,not-logged-in-47fd07b564ace948f3bb,,6465,T6,2018-04-26 09:04:24 UTC,20860276,shortcut_extractor,3.4.5,
103739422,na2ol,1232327.0,6465,T6,2018-04-26 19:29:17 UTC,20860276,shortcut_extractor,3.4.5,
103745989,not-logged-in-99a9663cfeac041b6cda,,6465,T6,2018-04-26 19:56:46 UTC,20860276,shortcut_extractor,3.4.5,
107139001,not-logged-in-236a701d8c92dea01cd4,,6465,T6,2018-05-11 03:29:39 UTC,20860276,shortcut_extractor,3.4.5,
108620679,lauram13,807323.0,6465,T6,2018-05-21 21:26:02 UTC,20860276,shortcut_extractor,3.4.5,
113353443,familyhk,1752522.0,6465,T6,2018-06-07 00:48:19 UTC,20860276,shortcut_extractor,3.4.5,
121740065,sbaugh6,1689882.0,6465,T6,2018-08-27 20:05:25 UTC,20860276,shortcut_extractor,3.4.5,
124181368,not-logged-in-c2d50fd90f9bab6ee24d,,6465,T6,2018-09-19 13:22:08 UTC,20860276,shortcut_extractor,3.4.5,
124462788,not-logged-in-d4994b01f38df18c5179,,6465,T6,2018-09-21 20:36:54 UTC,20860276,shortcut_extractor,3.4.5,
124464897,not-logged-in-6ba6f943b08117f1c154,,6465,T6,2018-09-21 20:48:17 UTC,20860276,shortcut_extractor,3.4.5,
104359965,tuhin30,1772551.0,6465,T6,2018-04-29 15:38:08 UTC,20860304,shortcut_extractor,3.4.5,
106120364,mleibowitz,1779002.0,6465,T6,2018-05-04 23:26:31 UTC,20860304,shortcut_extractor,3.4.5,
115438410,Booiemonster,1571209.0,6465,T6,2018-06-27 10:08:18 UTC,20860304,shortcut_extractor,3.4.5,
120622774,rmahan,1749163.0,6465,T6,2018-08-16 14:32:33 UTC,20860304,shortcut_extractor,3.4.5,
122709571,sbaugh6,1689882.0,6465,T6,2018-09-06 15:10:01 UTC,20860304,shortcut_extractor,3.4.5,
123408633,not-logged-in-0319b94f208e5d66ab9c,,6465,T6,2018-09-12 12:38:13 UTC,20860304,shortcut_extractor,3.4.5,
123459798,proximadas,1816977.0,6465,T6,2018-09-12 17:58:45 UTC,20860304,shortcut_extractor,3.4.5,
123933530,Gulnara,1802749.0,6465,T6,2018-09-17 05:24:49 UTC,20860304,shortcut_extractor,3.4.5,
124453816,not-logged-in-b375365f5eb1beb63f82,,6465,T6,2018-09-21 19:26:46 UTC,20860304,shortcut_extractor,3.4.5,
124459621,KCSkinner,318330.0,6465,T6,2018-09-21 20:12:13 UTC,20860304,shortcut_extractor,3.4.5,
104138391,Resi,1771871.0,6465,T6,2018-04-28 16:20:34 UTC,20860267,shortcut_extractor,3.4.5,
105797149,cikanekfamily,1770618.0,6465,T6,2018-05-04 00:15:00 UTC,20860267,shortcut_extractor,3.4.5,
107170374,dbeykal,1535652.0,6465,T6,2018-05-11 11:44:57 UTC,20860267,shortcut_extractor,3.4.5,
107958877,Daniello,1782125.0,6465,T6,2018-05-17 02:48:31 UTC,20860267,shortcut_extractor,3.4.5,
108069358,KukeMariano,1784137.0,6465,T6,2018-05-17 19:50:22 UTC,20860267,shortcut_extractor,3.4.5,
111366433,not-logged-in-a157c87143626d0c827e,,6465,T6,2018-05-25 17:03:09 UTC,20860267,shortcut_extractor,3.4.5,
114210809,MariaSC,1728017.0,6465,T6,2018-06-14 06:11:04 UTC,20860267,shortcut_extractor,3.4.5,
115571067,not-logged-in-cfc37b533baaf9ff44bc,,6465,T6,2018-06-28 22:36:21 UTC,20860267,shortcut_extractor,3.4.5,
119580339,dwycherley,96622.0,6465,T6,2018-08-06 23:12:21 UTC,20860267,shortcut_extractor,3.4.5,
123680099,not-logged-in-06f38af759c2cba0477e,,6465,T6,2018-09-14 16:54:54 UTC,20860267,shortcut_extractor,3.4.5,1.0
103544591,spugsley1214,1769073.0,6465,T6,2018-04-25 19:29:07 UTC,20860299,shortcut_extractor,3.4.5,
103610713,pskcraig,1471146.0,6465,T6,2018-04-26 03:55:43 UTC,20860299,shortcut_extractor,3.4.5,
103625291,AjayVee,1629447.0,6465,T6,2018-04-26 07:19:17 UTC,20860299,shortcut_extractor,3.4.5,
103829680,dianapenguinp,1482091.0,6465,T6,2018-04-27 08:52:43 UTC,20860299,shortcut_extractor,3.4.5,
107188482,3sw,1461847.0,6465,T6,2018-05-11 13:47:41 UTC,20860299,shortcut_extractor,3.4.5,
107657301,not-logged-in-03eaaa4ad97998ceeb38,,6465,T6,2018-05-15 06:46:58 UTC,20860299,shortcut_extractor,3.4.5,
111705215,OldWoodchuck,1526941.0,6465,T6,2018-05-28 15:48:08 UTC,20860299,shortcut_extractor,3.4.5,
111967184,hderasmo,1665657.0,6465,T6,2018-05-29 19:23:56 UTC,20860299,shortcut_extractor,3.4.5,
112210024,galarix,1504208.0,6465,T6,2018-05-30 18:04:21 UTC,20860299,shortcut_extractor,3.4.5,
116734039,nicoladecoppi,1803034.0,6465,T6,2018-07-10 14:29:25 UTC,20860299,shortcut_extractor,3.4.5,
103602246,feathasthekitten,1477671.0,6465,T6,2018-04-26 02:05:09 UTC,20860292,shortcut_extractor,3.4.5,
104379553,c196948,47085.0,6465,T6,2018-04-29 17:26:37 UTC,20860292,shortcut_extractor,3.4.5,
105259832,MariaSC,1728017.0,6465,T6,2018-05-02 01:33:15 UTC,20860292,shortcut_extractor,3.4.5,
114808754,not-logged-in-2e4d4e1d3477683d531a,,6465,T6,2018-06-19 18:55:47 UTC,20860292,shortcut_extractor,3.4.5,
116732480,Cosmi10,1801364.0,6465,T6,2018-07-10 14:17:50 UTC,20860292,shortcut_extractor,3.4.5,1.0
118827916,Raven_Ink,1703165.0,6465,T6,2018-07-29 20:36:45 UTC,20860292,shortcut_extractor,3.4.5,
123971483,not-logged-in-4da727824fe23aee9246,,6465,T6,2018-09-17 16:31:24 UTC,20860292,shortcut_extractor,3.4.5,
123991353,not-logged-in-a76c00fa55e9cd207541,,6465,T6,2018-09-17 19:24:21 UTC,20860292,shortcut_extractor,3.4.5,1.0
124274386,LynetteC,1185964.0,6465,T6,2018-09-20 11:32:07 UTC,20860292,shortcut_extractor,3.4.5,
124433285,not-logged-in-d4994b01f38df18c5179,,6465,T6,2018-09-21 17:19:53 UTC,20860292,shortcut_extractor,3.4.5,1.0
124446649,sbaugh6,1689882.0,6465,T6,2018-09-21 18:29:59 UTC,20860292,shortcut_extractor,3.4.5,
103524231,alkymist,1229980.0,6465,T6,2018-04-25 18:16:35 UTC,20860268,shortcut_extractor,3.4.5,
103648252,not-logged-in-9efe7b796ebd619776d1,,6465,T6,2018-04-26 12:27:13 UTC,20860268,shortcut_extractor,3.4.5,
103800287,nahartman,1739337.0,6465,T6,2018-04-27 02:16:14 UTC,20860268,shortcut_extractor,3.4.5,
107145632,not-logged-in-3b22b0441439b32ef28b,,6465,T6,2018-05-11 05:43:57 UTC,20860268,shortcut_extractor,3.4.5,
111414021,Mila_Solobina,1216211.0,6465,T6,2018-05-25 23:39:07 UTC,20860268,shortcut_extractor,3.4.5,
111927457,not-logged-in-cfd52481f00cc8d5bb7f,,6465,T6,2018-05-29 17:26:47 UTC,20860268,shortcut_extractor,3.4.5,
117135009,LMWu1128,1803617.0,6465,T6,2018-07-13 16:21:05 UTC,20860268,shortcut_extractor,3.4.5,
119008203,mark.daniel.quilnet,1806845.0,6465,T6,2018-07-31 14:20:14 UTC,20860268,shortcut_extractor,3.4.5,
119320069,aDanilon,1801354.0,6465,T6,2018-08-03 18:47:57 UTC,20860268,shortcut_extractor,3.4.5,
120147518,Dangeraffe22,1808475.0,6465,T6,2018-08-12 02:07:47 UTC,20860268,shortcut_extractor,3.4.5,
103903057,KSpiller,1722955.0,6465,T6,2018-04-27 18:41:43 UTC,20860278,shortcut_extractor,3.4.5,
104670126,JBlundell,1740941.0,6465,T6,2018-04-30 17:43:54 UTC,20860278,shortcut_extractor,3.4.5,
105169838,sociolingo,167195.0,6465,T6,2018-05-01 20:22:37 UTC,20860278,shortcut_extractor,3.4.5,
106446138,electrichippo,1752643.0,6465,T6,2018-05-06 21:28:01 UTC,20860278,shortcut_extractor,3.4.5,
107155862,helenacatt,1465011.0,6465,T6,2018-05-11 08:23:51 UTC,20860278,shortcut_extractor,3.4.5,
116741445,Tage,1803032.0,6465,T6,2018-07-10 15:21:31 UTC,20860278,shortcut_extractor,3.4.5,
118088275,Kennr17,1805261.0,6465,T6,2018-07-22 15:15:39 UTC,20860278,shortcut_extractor,3.4.5,
118114528,triciaharris28,1802495.0,6465,T6,2018-07-22 20:27:01 UTC,20860278,shortcut_extractor,3.4.5,
119105072,AKS59,1708483.0,6465,T6,2018-08-01 17:10:03 UTC,20860278,shortcut_extractor,3.4.5,
119184226,not-logged-in-5ca2caedc82c2fe0e3bd,,6465,T6,2018-08-02 14:30:51 UTC,20860278,shortcut_extractor,3.4.5,
103494688,meeklund,1620748.0,6465,T6,2018-04-25 16:16:48 UTC,20860282,shortcut_extractor,3.4.5,
103665687,not-logged-in-f24028c881f0f7445221,,6465,T6,2018-04-26 14:35:15 UTC,20860282,shortcut_extractor,3.4.5,
103710836,2se0k,1648447.0,6465,T6,2018-04-26 17:42:30 UTC,20860282,shortcut_extractor,3.4.5,
106605026,cassandra_pignataro,1777446.0,6465,T6,2018-05-07 20:15:52 UTC,20860282,shortcut_extractor,3.4.5,
108066684,martin.a.goya,1784154.0,6465,T6,2018-05-17 19:33:48 UTC,20860282,shortcut_extractor,3.4.5,
115899144,not-logged-in-9a3be2a03e8c96508e58,,6465,T6,2018-07-02 21:56:43 UTC,20860282,shortcut_extractor,3.4.5,
116736119,Cosmi10,1801364.0,6465,T6,2018-07-10 14:44:18 UTC,20860282,shortcut_extractor,3.4.5,
118865485,kiran.garugu,1805355.0,6465,T6,2018-07-30 06:55:03 UTC,20860282,shortcut_extractor,3.4.5,
119666303,not-logged-in-1a8e8f7ad01258b70060,,6465,T6,2018-08-07 21:25:17 UTC,20860282,shortcut_extractor,3.4.5,
119772643,sbaugh6,1689882.0,6465,T6,2018-08-08 22:19:28 UTC,20860282,shortcut_extractor,3.4.5,
103604869,pskcraig,1471146.0,6465,T6,2018-04-26 02:37:51 UTC,20860277,shortcut_extractor,3.4.5,
103851900,not-logged-in-0f05c4647072873256ef,,6465,T6,2018-04-27 13:07:49 UTC,20860277,shortcut_extractor,3.4.5,
104012965,briallen,1775431.0,6465,T6,2018-04-28 01:28:35 UTC,20860277,shortcut_extractor,3.4.5,
104197211,not-logged-in-1c030bffe6adcfbe7db9,,6465,T6,2018-04-28 20:56:16 UTC,20860277,shortcut_extractor,3.4.5,
105994204,ZackM,1778606.0,6465,T6,2018-05-04 16:23:52 UTC,20860277,shortcut_extractor,3.4.5,
107440843,JBlundell,1740941.0,6465,T6,2018-05-13 15:47:20 UTC,20860277,shortcut_extractor,3.4.5,
108466951,Carecrow,1778887.0,6465,T6,2018-05-21 00:51:29 UTC,20860277,shortcut_extractor,3.4.5,
113579163,Bear97,1796970.0,6465,T6,2018-06-08 13:47:11 UTC,20860277,shortcut_extractor,3.4.5,
113730286,Hussainj,1795081.0,6465,T6,2018-06-09 17:36:31 UTC,20860277,shortcut_extractor,3.4.5,
119934474,jujebot,1800356.0,6465,T6,2018-08-10 04:50:33 UTC,20860277,shortcut_extractor,3.4.5,
103558547,not-logged-in-53b75dd2a51c755fb5df,,6465,T6,2018-04-25 20:36:00 UTC,20860287,shortcut_extractor,3.4.5,
103635072,pingin,320417.0,6465,T6,2018-04-26 10:06:47 UTC,20860287,shortcut_extractor,3.4.5,
103649279,dianapenguinp,1482091.0,6465,T6,2018-04-26 12:39:22 UTC,20860287,shortcut_extractor,3.4.5,
104230938,mrcrow,1467348.0,6465,T6,2018-04-28 23:15:55 UTC,20860287,shortcut_extractor,3.4.5,
119691016,jujebot,1800356.0,6465,T6,2018-08-08 04:33:04 UTC,20860287,shortcut_extractor,3.4.5,
119743500,sbaugh6,1689882.0,6465,T6,2018-08-08 18:18:15 UTC,20860287,shortcut_extractor,3.4.5,
120693958,not-logged-in-5108f470458e321b6978,,6465,T6,2018-08-17 04:01:41 UTC,20860287,shortcut_extractor,3.4.5,
121193998,Sissy69,1810753.0,6465,T6,2018-08-22 11:53:53 UTC,20860287,shortcut_extractor,3.4.5,
123116920,Janet.White,1703838.0,6465,T6,2018-09-09 21:23:12 UTC,20860287,shortcut_extractor,3.4.5,
124374043,Gulnara,1802749.0,6465,T6,2018-09-21 06:59:24 UTC,20860287,shortcut_extractor,3.4.5,
103640944,sfujita180,1737934.0,6465,T6,2018-04-26 11:10:37 UTC,20860307,shortcut_extractor,3.4.5,
104170465,astavoe,1733009.0,6465,T6,2018-04-28 19:07:28 UTC,20860307,shortcut_extractor,3.4.5,
108182473,Whardy1,721962.0,6465,T6,2018-05-18 15:52:51 UTC,20860307,shortcut_extractor,3.4.5,
108411686,not-logged-in-43298fca81cb8e305602,,6465,T6,2018-05-20 15:44:14 UTC,20860307,shortcut_extractor,3.4.5,
108573805,not-logged-in-3c3d5a05f8cec6861a28,,6465,T6,2018-05-21 17:50:51 UTC,20860307,shortcut_extractor,3.4.5,
111935474,not-logged-in-cfd52481f00cc8d5bb7f,,6465,T6,2018-05-29 17:47:44 UTC,20860307,shortcut_extractor,3.4.5,
114148142,not-logged-in-e468e675cc2a7855708c,,6465,T6,2018-06-13 16:53:53 UTC,20860307,shortcut_extractor,3.4.5,
115447673,not-logged-in-600a5ee5d6645bc62fe2,,6465,T6,2018-06-27 13:15:13 UTC,20860307,shortcut_extractor,3.4.5,
121736602,sbaugh6,1689882.0,6465,T6,2018-08-27 19:41:57 UTC,20860307,shortcut_extractor,3.4.5,
122161600,not-logged-in-fd71dea238666dda5797,,6465,T6,2018-08-31 18:47:36 UTC,20860307,shortcut_extractor,3.4.5,
103518149,tmaze,1468704.0,6465,T6,2018-04-25 17:59:32 UTC,20860300,shortcut_extractor,3.4.5,
103547660,HaileyMeckenzie,1770144.0,6465,T6,2018-04-25 19:41:56 UTC,20860300,shortcut_extractor,3.4.5,
106075756,not-logged-in-c088024f09bcab774191,,6465,T6,2018-05-04 20:23:17 UTC,20860300,shortcut_extractor,3.4.5,
110757440,wdubinsky,1540476.0,6465,T6,2018-05-23 15:38:31 UTC,20860300,shortcut_extractor,3.4.5,
119771894,sbaugh6,1689882.0,6465,T6,2018-08-08 22:07:56 UTC,20860300,shortcut_extractor,3.4.5,
123273253,AKS59,1708483.0,6465,T6,2018-09-11 07:21:13 UTC,20860300,shortcut_extractor,3.4.5,
123972139,not-logged-in-4da727824fe23aee9246,,6465,T6,2018-09-17 16:35:18 UTC,20860300,shortcut_extractor,3.4.5,
124212292,not-logged-in-c0cfaea10a7d6dd4196f,,6465,T6,2018-09-19 18:21:10 UTC,20860300,shortcut_extractor,3.4.5,
124494391,coldcounter,1239421.0,6465,T6,2018-09-22 02:24:09 UTC,20860300,shortcut_extractor,3.4.5,
124510556,Joszy,1440976.0,6465,T6,2018-09-22 10:33:33 UTC,20860300,shortcut_extractor,3.4.5,
103544493,isaaragon,1769055.0,6465,T6,2018-04-25 19:28:40 UTC,20860274,shortcut_extractor,3.4.5,
103602041,not-logged-in-12a87f95502da2bdaf54,,6465,T6,2018-04-26 02:03:13 UTC,20860274,shortcut_extractor,3.4.5,
103606698,rpilkiew,314803.0,6465,T6,2018-04-26 03:01:28 UTC,20860274,shortcut_extractor,3.4.5,
105908175,not-logged-in-50e17ae620fcee2d64e5,,6465,T6,2018-05-04 11:59:26 UTC,20860274,shortcut_extractor,3.4.5,
108317342,lillianp,1784723.0,6465,T6,2018-05-19 17:54:42 UTC,20860274,shortcut_extractor,3.4.5,
112754818,Janet.White,1703838.0,6465,T6,2018-06-02 16:59:42 UTC,20860274,shortcut_extractor,3.4.5,
121742257,HampusMAR,1812317.0,6465,T6,2018-08-27 20:27:30 UTC,20860274,shortcut_extractor,3.4.5,
122871114,FigTwig,1370138.0,6465,T6,2018-09-07 18:17:25 UTC,20860274,shortcut_extractor,3.4.5,
123757616,AKS59,1708483.0,6465,T6,2018-09-15 08:35:13 UTC,20860274,shortcut_extractor,3.4.5,
123870770,MaraRaisanen,1772149.0,6465,T6,2018-09-16 16:15:56 UTC,20860274,shortcut_extractor,3.4.5,
103587189,dmilorad,1554564.0,6465,T6,2018-04-26 00:18:28 UTC,20860288,shortcut_extractor,3.4.5,
103616664,shuuji_nemo,1733567.0,6465,T6,2018-04-26 04:50:48 UTC,20860288,shortcut_extractor,3.4.5,
104014616,xfr,1775007.0,6465,T6,2018-04-28 01:35:41 UTC,20860288,shortcut_extractor,3.4.5,
107867673,not-logged-in-195acb9b5ddcad9fbc2b,,6465,T6,2018-05-16 16:36:34 UTC,20860288,shortcut_extractor,3.4.5,
113774786,lauradell,1479943.0,6465,T6,2018-06-10 03:38:08 UTC,20860288,shortcut_extractor,3.4.5,
117846424,not-logged-in-1cbfbc26df5fcaa8a341,,6465,T6,2018-07-20 08:29:47 UTC,20860288,shortcut_extractor,3.4.5,
119373560,Limerr,1801855.0,6465,T6,2018-08-04 11:38:09 UTC,20860288,shortcut_extractor,3.4.5,
121848471,CeliaTesseur,1468205.0,6465,T6,2018-08-28 20:23:29 UTC,20860288,shortcut_extractor,3.4.5,
122708972,sbaugh6,1689882.0,6465,T6,2018-09-06 15:05:22 UTC,20860288,shortcut_extractor,3.4.5,
123799882,Hobby2016,1483083.0,6465,T6,2018-09-15 20:17:36 UTC,20860288,shortcut_extractor,3.4.5,
105280162,21sicm,1623918.0,6465,T6,2018-05-02 02:48:55 UTC,20860281,shortcut_extractor,3.4.5,
107355345,JBlundell,1740941.0,6465,T6,2018-05-12 19:06:45 UTC,20860281,shortcut_extractor,3.4.5,
116139362,gbeteta,1801531.0,6465,T6,2018-07-04 22:47:15 UTC,20860281,shortcut_extractor,3.4.5,
116278682,not-logged-in-e6845b890479ed186915,,6465,T6,2018-07-06 12:07:21 UTC,20860281,shortcut_extractor,3.4.5,
118113345,triciaharris28,1802495.0,6465,T6,2018-07-22 20:14:13 UTC,20860281,shortcut_extractor,3.4.5,
119195553,sfharper,3380.0,6465,T6,2018-08-02 16:04:16 UTC,20860281,shortcut_extractor,3.4.5,
121740268,HampusMAR,1812317.0,6465,T6,2018-08-27 20:07:14 UTC,20860281,shortcut_extractor,3.4.5,
121851553,CeliaTesseur,1468205.0,6465,T6,2018-08-28 20:46:21 UTC,20860281,shortcut_extractor,3.4.5,
123315974,not-logged-in-7685937415b385a3c223,,6465,T6,2018-09-11 16:13:15 UTC,20860281,shortcut_extractor,3.4.5,
123624059,sharonmorales,1817564.0,6465,T6,2018-09-14 04:02:30 UTC,20860281,shortcut_extractor,3.4.5,
103640498,sfujita180,1737934.0,6465,T6,2018-04-26 11:05:33 UTC,20860310,shortcut_extractor,3.4.5,
103800180,nahartman,1739337.0,6465,T6,2018-04-27 02:15:22 UTC,20860310,shortcut_extractor,3.4.5,
104012024,xfr,1775007.0,6465,T6,2018-04-28 01:24:14 UTC,20860310,shortcut_extractor,3.4.5,
104650747,CamFlowers,1756061.0,6465,T6,2018-04-30 17:15:40 UTC,20860310,shortcut_extractor,3.4.5,
108068321,MatiasIglesias,1784159.0,6465,T6,2018-05-17 19:44:20 UTC,20860310,shortcut_extractor,3.4.5,
112180679,galarix,1504208.0,6465,T6,2018-05-30 15:45:07 UTC,20860310,shortcut_extractor,3.4.5,
113073344,ellianderjoy,1658400.0,6465,T6,2018-06-05 00:32:33 UTC,20860310,shortcut_extractor,3.4.5,
114222719,annalisenoble,1607946.0,6465,T6,2018-06-14 09:48:06 UTC,20860310,shortcut_extractor,3.4.5,
114426939,yipriscilla,1798854.0,6465,T6,2018-06-16 05:19:01 UTC,20860310,shortcut_extractor,3.4.5,
117835270,jenwa,1766670.0,6465,T6,2018-07-20 05:06:22 UTC,20860310,shortcut_extractor,3.4.5,
103660351,Janet.White,1703838.0,6465,T6,2018-04-26 13:51:18 UTC,20860269,shortcut_extractor,3.4.5,
106948828,Tinkerbell73,1463340.0,6465,T6,2018-05-09 23:36:42 UTC,20860269,shortcut_extractor,3.4.5,
107140291,Charlenel,1601152.0,6465,T6,2018-05-11 03:50:09 UTC,20860269,shortcut_extractor,3.4.5,
108068325,jonatan.e.beltran,1784162.0,6465,T6,2018-05-17 19:44:22 UTC,20860269,shortcut_extractor,3.4.5,
108069230,MaxiVitelli,1784155.0,6465,T6,2018-05-17 19:49:43 UTC,20860269,shortcut_extractor,3.4.5,
111216065,Mila_Solobina,1216211.0,6465,T6,2018-05-24 19:03:24 UTC,20860269,shortcut_extractor,3.4.5,
114214007,annalisenoble,1607946.0,6465,T6,2018-06-14 07:02:14 UTC,20860269,shortcut_extractor,3.4.5,
120454360,not-logged-in-a4332024e6bec93790d5,,6465,T6,2018-08-14 19:38:25 UTC,20860269,shortcut_extractor,3.4.5,
123440432,not-logged-in-a859a0cac7e3c0fd3589,,6465,T6,2018-09-12 15:58:00 UTC,20860269,shortcut_extractor,3.4.5,
123659651,not-logged-in-199043a647c09e04d0d3,,6465,T6,2018-09-14 14:33:43 UTC,20860269,shortcut_extractor,3.4.5,
103559098,not-logged-in-13d4f165fa9c0a6151cf,,6465,T6,2018-04-25 20:38:19 UTC,20860284,shortcut_extractor,3.4.5,
112223604,not-logged-in-a0705b9ef09b40db41a4,,6465,T6,2018-05-30 19:04:56 UTC,20860284,shortcut_extractor,3.4.5,
114526111,lauram13,807323.0,6465,T6,2018-06-17 08:51:03 UTC,20860284,shortcut_extractor,3.4.5,
120344716,AKS59,1708483.0,6465,T6,2018-08-13 21:23:30 UTC,20860284,shortcut_extractor,3.4.5,
123315522,not-logged-in-7685937415b385a3c223,,6465,T6,2018-09-11 16:09:48 UTC,20860284,shortcut_extractor,3.4.5,
123470590,not-logged-in-634a5f6c079aaba7659e,,6465,T6,2018-09-12 19:20:58 UTC,20860284,shortcut_extractor,3.4.5,
123752177,oyrasal,1249883.0,6465,T6,2018-09-15 06:11:28 UTC,20860284,shortcut_extractor,3.4.5,
124027458,lu5,1805093.0,6465,T6,2018-09-18 02:23:12 UTC,20860284,shortcut_extractor,3.4.5,
124210798,not-logged-in-b98be5a9c504acaa87b5,,6465,T6,2018-09-19 18:09:42 UTC,20860284,shortcut_extractor,3.4.5,
124389155,LynetteC,1185964.0,6465,T6,2018-09-21 11:27:14 UTC,20860284,shortcut_extractor,3.4.5,
103497437,JudiMcD81,1708369.0,6465,T6,2018-04-25 16:32:08 UTC,20860271,shortcut_extractor,3.4.5,
103617274,JeremyX,1567105.0,6465,T6,2018-04-26 04:59:02 UTC,20860271,shortcut_extractor,3.4.5,
103804630,Marshall2002,1759956.0,6465,T6,2018-04-27 02:59:08 UTC,20860271,shortcut_extractor,3.4.5,
103877064,not-logged-in-2adef11316ddf444b4a6,,6465,T6,2018-04-27 15:58:50 UTC,20860271,shortcut_extractor,3.4.5,
104132338,Resi,1771871.0,6465,T6,2018-04-28 15:45:09 UTC,20860271,shortcut_extractor,3.4.5,
104481871,StepskiVuk,1480337.0,6465,T6,2018-04-30 02:05:22 UTC,20860271,shortcut_extractor,3.4.5,
105483000,Nlee4788,1735965.0,6465,T6,2018-05-02 19:57:26 UTC,20860271,shortcut_extractor,3.4.5,
111417173,not-logged-in-f0f04b8e365e92ebff27,,6465,T6,2018-05-26 00:34:08 UTC,20860271,shortcut_extractor,3.4.5,
119220557,not-logged-in-b8cc690c4b9b02d31ab0,,6465,T6,2018-08-02 19:49:29 UTC,20860271,shortcut_extractor,3.4.5,
122726018,sbaugh6,1689882.0,6465,T6,2018-09-06 17:30:32 UTC,20860271,shortcut_extractor,3.4.5,
103505607,not-logged-in-9ff5443bcc3b002e29a3,,6465,T6,2018-04-25 17:08:10 UTC,20860290,shortcut_extractor,3.4.5,
103707352,Samwich17,1774718.0,6465,T6,2018-04-26 17:30:18 UTC,20860290,shortcut_extractor,3.4.5,
103746479,not-logged-in-48bf64e983c3ec6c46b0,,6465,T6,2018-04-26 19:58:43 UTC,20860290,shortcut_extractor,3.4.5,
103886788,not-logged-in-3a1e22862739554037d5,,6465,T6,2018-04-27 17:07:34 UTC,20860290,shortcut_extractor,3.4.5,1.0
105554599,polololo,1778040.0,6465,T6,2018-05-03 00:59:36 UTC,20860290,shortcut_extractor,3.4.5,1.0
106315729,xfr,1775007.0,6465,T6,2018-05-06 00:35:40 UTC,20860290,shortcut_extractor,3.4.5,1.0
113818451,MatasGrygel,1693494.0,6465,T6,2018-06-10 17:45:03 UTC,20860290,shortcut_extractor,3.4.5,1.0
103622213,not-logged-in-f3e06a71b8027e601150,,6465,T6,2018-04-26 06:29:42 UTC,20860264,shortcut_extractor,3.4.5,
103869645,anninarupe,1770118.0,6465,T6,2018-04-27 15:15:54 UTC,20860264,shortcut_extractor,3.4.5,
104650958,CamFlowers,1756061.0,6465,T6,2018-04-30 17:15:56 UTC,20860264,shortcut_extractor,3.4.5,
108164364,Kpojman,1670351.0,6465,T6,2018-05-18 13:58:08 UTC,20860264,shortcut_extractor,3.4.5,
110936009,not-logged-in-a899e5c6373c61f43378,,6465,T6,2018-05-24 02:04:44 UTC,20860264,shortcut_extractor,3.4.5,
112250717,not-logged-in-6e8e7615d75ed735718b,,6465,T6,2018-05-30 21:06:36 UTC,20860264,shortcut_extractor,3.4.5,1.0
114276734,Eleanorshin,1797082.0,6465,T6,2018-06-14 19:11:47 UTC,20860264,shortcut_extractor,3.4.5,
115448106,AKS59,1708483.0,6465,T6,2018-06-27 13:24:08 UTC,20860264,shortcut_extractor,3.4.5,
116781429,camila.ayelen.lopez,1799179.0,6465,T6,2018-07-10 19:14:06 UTC,20860264,shortcut_extractor,3.4.5,
116907821,sbaugh6,1689882.0,6465,T6,2018-07-11 18:24:49 UTC,20860264,shortcut_extractor,3.4.5,
103468927,aliceoregan,1657638.0,6465,T6,2018-04-25 13:25:36 UTC,20860262,shortcut_extractor,3.4.5,
103562637,Ktkc,1772586.0,6465,T6,2018-04-25 20:54:16 UTC,20860262,shortcut_extractor,3.4.5,
106895415,not-logged-in-2534b65909211ab9af23,,6465,T6,2018-05-09 17:20:19 UTC,20860262,shortcut_extractor,3.4.5,
112969543,ellianderjoy,1658400.0,6465,T6,2018-06-04 10:05:44 UTC,20860262,shortcut_extractor,3.4.5,
116349291,KuanweiLu,1802504.0,6465,T6,2018-07-07 01:24:17 UTC,20860262,shortcut_extractor,3.4.5,
118949551,not-logged-in-fd7b7503fc9a269eedb2,,6465,T6,2018-07-30 22:40:15 UTC,20860262,shortcut_extractor,3.4.5,
119478884,babs359,1743995.0,6465,T6,2018-08-05 20:16:43 UTC,20860262,shortcut_extractor,3.4.5,
123909823,not-logged-in-6f9a39475b5a7276e381,,6465,T6,2018-09-16 23:30:05 UTC,20860262,shortcut_extractor,3.4.5,
124221880,Houi,1819629.0,6465,T6,2018-09-19 19:34:22 UTC,20860262,shortcut_extractor,3.4.5,
124266852,coldcounter,1239421.0,6465,T6,2018-09-20 08:35:21 UTC,20860262,shortcut_extractor,3.4.5,
103501653,not-logged-in-92f1541f46460031177e,,6465,T6,2018-04-25 16:49:40 UTC,20860263,shortcut_extractor,3.4.5,
103516049,pattinv,12819.0,6465,T6,2018-04-25 17:50:06 UTC,20860263,shortcut_extractor,3.4.5,
103529870,Sue-2,522271.0,6465,T6,2018-04-25 18:33:22 UTC,20860263,shortcut_extractor,3.4.5,
103674602,not-logged-in-4263d890f4bb71a2dc37,,6465,T6,2018-04-26 15:32:00 UTC,20860263,shortcut_extractor,3.4.5,
104108572,DaveRowland,1420496.0,6465,T6,2018-04-28 13:39:43 UTC,20860263,shortcut_extractor,3.4.5,
104527476,lisalisazoonzoon,1438333.0,6465,T6,2018-04-30 09:06:05 UTC,20860263,shortcut_extractor,3.4.5,
106730108,fitzpatrick7,1662797.0,6465,T6,2018-05-08 16:17:49 UTC,20860263,shortcut_extractor,3.4.5,
108229347,JBlundell,1740941.0,6465,T6,2018-05-18 20:48:30 UTC,20860263,shortcut_extractor,3.4.5,
109773913,WGH_Diamondz,1749818.0,6465,T6,2018-05-22 20:07:55 UTC,20860263,shortcut_extractor,3.4.5,
115037396,not-logged-in-322da9d6385c91ed3138,,6465,T6,2018-06-22 01:15:08 UTC,20860263,shortcut_extractor,3.4.5,
103510363,not-logged-in-c85e24314e7f151bc51a,,6465,T6,2018-04-25 17:28:21 UTC,20860273,shortcut_extractor,3.4.5,
103670930,not-logged-in-6e67a32da44eacc8214b,,6465,T6,2018-04-26 15:07:11 UTC,20860273,shortcut_extractor,3.4.5,
104159939,andnerb,1719400.0,6465,T6,2018-04-28 18:19:35 UTC,20860273,shortcut_extractor,3.4.5,
105153244,sociolingo,167195.0,6465,T6,2018-05-01 19:38:00 UTC,20860273,shortcut_extractor,3.4.5,
106561906,pwendystevens,711441.0,6465,T6,2018-05-07 16:35:32 UTC,20860273,shortcut_extractor,3.4.5,
108065947,martin.a.goya,1784154.0,6465,T6,2018-05-17 19:29:13 UTC,20860273,shortcut_extractor,3.4.5,
113092992,Booiemonster,1571209.0,6465,T6,2018-06-05 04:47:12 UTC,20860273,shortcut_extractor,3.4.5,
116736479,Cosmi10,1801364.0,6465,T6,2018-07-10 14:46:33 UTC,20860273,shortcut_extractor,3.4.5,
116904348,sbaugh6,1689882.0,6465,T6,2018-07-11 17:55:15 UTC,20860273,shortcut_extractor,3.4.5,
119393362,jujebot,1800356.0,6465,T6,2018-08-04 16:59:11 UTC,20860273,shortcut_extractor,3.4.5,
103656451,Janet.White,1703838.0,6465,T6,2018-04-26 13:15:43 UTC,20860298,shortcut_extractor,3.4.5,
107807164,lauram13,807323.0,6465,T6,2018-05-16 06:03:14 UTC,20860298,shortcut_extractor,3.4.5,
108493208,tacatanach,1766593.0,6465,T6,2018-05-21 06:39:20 UTC,20860298,shortcut_extractor,3.4.5,
112963633,not-logged-in-0972f36be55e480de10b,,6465,T6,2018-06-04 09:13:51 UTC,20860298,shortcut_extractor,3.4.5,
113854104,LRosieB,1797748.0,6465,T6,2018-06-11 02:38:10 UTC,20860298,shortcut_extractor,3.4.5,
118849101,Raven_Ink,1703165.0,6465,T6,2018-07-30 02:04:13 UTC,20860298,shortcut_extractor,3.4.5,
119188680,yuripuppies,1478495.0,6465,T6,2018-08-02 15:09:58 UTC,20860298,shortcut_extractor,3.4.5,
119832055,Scatthorn,727.0,6465,T6,2018-08-09 15:57:54 UTC,20860298,shortcut_extractor,3.4.5,
122425988,aDanilon,1801354.0,6465,T6,2018-09-04 00:28:57 UTC,20860298,shortcut_extractor,3.4.5,
123657624,Edyflwr,1474689.0,6465,T6,2018-09-14 14:14:06 UTC,20860298,shortcut_extractor,3.4.5,
103627098,shurs8,1630882.0,6465,T6,2018-04-26 07:48:17 UTC,20860270,shortcut_extractor,3.4.5,
104001114,t_morimoto,1735012.0,6465,T6,2018-04-28 00:19:12 UTC,20860270,shortcut_extractor,3.4.5,1.0
107248222,Martinc1983,1782034.0,6465,T6,2018-05-11 19:46:53 UTC,20860270,shortcut_extractor,3.4.5,1.0
107442975,ThomasHuxley,1762533.0,6465,T6,2018-05-13 16:17:10 UTC,20860270,shortcut_extractor,3.4.5,
108066290,alphavictordelta,1784165.0,6465,T6,2018-05-17 19:31:27 UTC,20860270,shortcut_extractor,3.4.5,1.0
113654905,michellealan,1758713.0,6465,T6,2018-06-09 01:30:45 UTC,20860270,shortcut_extractor,3.4.5,
117632965,grifbalwill315,1804487.0,6465,T6,2018-07-18 11:21:52 UTC,20860270,shortcut_extractor,3.4.5,
103509329,not-logged-in-2b1434681b49cfd4aab4,,6465,T6,2018-04-25 17:24:18 UTC,20860286,shortcut_extractor,3.4.5,
103566841,Catbird422,1771424.0,6465,T6,2018-04-25 21:19:51 UTC,20860286,shortcut_extractor,3.4.5,
105057976,not-logged-in-4ccd2c468665de5b880a,,6465,T6,2018-05-01 14:48:30 UTC,20860286,shortcut_extractor,3.4.5,
106977426,Charlenel,1601152.0,6465,T6,2018-05-10 04:31:30 UTC,20860286,shortcut_extractor,3.4.5,
107937586,tofunutloaf,1480696.0,6465,T6,2018-05-16 23:34:10 UTC,20860286,shortcut_extractor,3.4.5,
109826556,JBlundell,1740941.0,6465,T6,2018-05-22 22:17:43 UTC,20860286,shortcut_extractor,3.4.5,
110755463,wdubinsky,1540476.0,6465,T6,2018-05-23 15:34:13 UTC,20860286,shortcut_extractor,3.4.5,
111789746,Emilialee04,1790861.0,6465,T6,2018-05-29 05:19:55 UTC,20860286,shortcut_extractor,3.4.5,
112068845,RenyK,1791905.0,6465,T6,2018-05-30 06:57:41 UTC,20860286,shortcut_extractor,3.4.5,
113353303,familyhk,1752522.0,6465,T6,2018-06-07 00:47:17 UTC,20860286,shortcut_extractor,3.4.5,
103538183,Longbow80,1612894.0,6465,T6,2018-04-25 18:59:15 UTC,20860293,shortcut_extractor,3.4.5,
103550261,peytonking,1769054.0,6465,T6,2018-04-25 19:52:52 UTC,20860293,shortcut_extractor,3.4.5,
103666276,queenjane,1753138.0,6465,T6,2018-04-26 14:38:08 UTC,20860293,shortcut_extractor,3.4.5,
103794195,not-logged-in-e90107c0275a4a0af192,,6465,T6,2018-04-27 01:24:50 UTC,20860293,shortcut_extractor,3.4.5,
104448690,not-logged-in-f6f859a611785e2ea956,,6465,T6,2018-04-29 22:58:55 UTC,20860293,shortcut_extractor,3.4.5,
105218123,invisibleshoes,1777481.0,6465,T6,2018-05-01 22:44:00 UTC,20860293,shortcut_extractor,3.4.5,1.0
106473926,not-logged-in-e1bff260300b332ed6f6,,6465,T6,2018-05-07 01:21:26 UTC,20860293,shortcut_extractor,3.4.5,
106952990,not-logged-in-1f53eb30ed147a3c788d,,6465,T6,2018-05-10 00:15:52 UTC,20860293,shortcut_extractor,3.4.5,
109732901,astavoe,1733009.0,6465,T6,2018-05-22 17:50:20 UTC,20860293,shortcut_extractor,3.4.5,
114071466,annalisenoble,1607946.0,6465,T6,2018-06-13 01:33:12 UTC,20860293,shortcut_extractor,3.4.5,
103549098,k8mielke,1648210.0,6465,T6,2018-04-25 19:48:06 UTC,20860296,shortcut_extractor,3.4.5,
103558613,not-logged-in-53b75dd2a51c755fb5df,,6465,T6,2018-04-25 20:36:17 UTC,20860296,shortcut_extractor,3.4.5,
103562744,not-logged-in-171bc72fc47d1b49995a,,6465,T6,2018-04-25 20:54:49 UTC,20860296,shortcut_extractor,3.4.5,
103599017,Ava_Bean_4444,1678110.0,6465,T6,2018-04-26 01:44:30 UTC,20860296,shortcut_extractor,3.4.5,
107632279,not-logged-in-3428e1485b3171d06e0d,,6465,T6,2018-05-15 01:03:53 UTC,20860296,shortcut_extractor,3.4.5,
110627441,AKS59,1708483.0,6465,T6,2018-05-23 12:06:02 UTC,20860296,shortcut_extractor,3.4.5,
115137762,not-logged-in-4696028c703262dfb908,,6465,T6,2018-06-23 07:43:30 UTC,20860296,shortcut_extractor,3.4.5,
118657958,JBlundell,1740941.0,6465,T6,2018-07-27 23:40:01 UTC,20860296,shortcut_extractor,3.4.5,1.0
123117952,Janet.White,1703838.0,6465,T6,2018-09-09 21:33:19 UTC,20860296,shortcut_extractor,3.4.5,
123676805,not-logged-in-4da727824fe23aee9246,,6465,T6,2018-09-14 16:37:02 UTC,20860296,shortcut_extractor,3.4.5,
103510375,not-logged-in-a2f26e89f4deed0f162c,,6465,T6,2018-04-25 17:28:24 UTC,20860295,shortcut_extractor,3.4.5,
103555893,clip086,158931.0,6465,T6,2018-04-25 20:24:39 UTC,20860295,shortcut_extractor,3.4.5,
103576962,not-logged-in-5d93cc7c85f217733f2c,,6465,T6,2018-04-25 22:41:42 UTC,20860295,shortcut_extractor,3.4.5,
105547413,xfr,1775007.0,6465,T6,2018-05-03 00:12:51 UTC,20860295,shortcut_extractor,3.4.5,
106977461,Charlenel,1601152.0,6465,T6,2018-05-10 04:32:02 UTC,20860295,shortcut_extractor,3.4.5,
108466917,Carecrow,1778887.0,6465,T6,2018-05-21 00:50:50 UTC,20860295,shortcut_extractor,3.4.5,
112974377,wdubinsky,1540476.0,6465,T6,2018-06-04 10:39:01 UTC,20860295,shortcut_extractor,3.4.5,
113093026,Booiemonster,1571209.0,6465,T6,2018-06-05 04:47:56 UTC,20860295,shortcut_extractor,3.4.5,
119135425,JBlundell,1740941.0,6465,T6,2018-08-01 22:25:03 UTC,20860295,shortcut_extractor,3.4.5,
122279705,historygeek96,1505271.0,6465,T6,2018-09-02 04:39:43 UTC,20860295,shortcut_extractor,3.4.5,
122338336,aDanilon,1801354.0,6465,T6,2018-09-02 23:54:41 UTC,20860295,shortcut_extractor,3.4.5,
103499337,not-logged-in-a3c0343fa48f18bb3baf,,6465,T6,2018-04-25 16:39:54 UTC,20860275,shortcut_extractor,3.4.5,
104107683,Kqueen,1775476.0,6465,T6,2018-04-28 13:34:31 UTC,20860275,shortcut_extractor,3.4.5,
106536203,not-logged-in-9b03805ab48a41caef24,,6465,T6,2018-05-07 13:31:20 UTC,20860275,shortcut_extractor,3.4.5,
107543933,astavoe,1733009.0,6465,T6,2018-05-14 13:32:54 UTC,20860275,shortcut_extractor,3.4.5,
113822818,MatasGrygel,1693494.0,6465,T6,2018-06-10 18:38:27 UTC,20860275,shortcut_extractor,3.4.5,
114060524,Hussainj,1795081.0,6465,T6,2018-06-12 23:13:44 UTC,20860275,shortcut_extractor,3.4.5,
115743840,Andrea_63,1800863.0,6465,T6,2018-06-30 20:11:59 UTC,20860275,shortcut_extractor,3.4.5,
116872021,not-logged-in-e135cd8cbc0647462a0f,,6465,T6,2018-07-11 13:01:19 UTC,20860275,shortcut_extractor,3.4.5,
117570113,not-logged-in-25afd8e31ea6a9d54e3e,,6465,T6,2018-07-17 19:03:48 UTC,20860275,shortcut_extractor,3.4.5,
119659062,sbaugh6,1689882.0,6465,T6,2018-08-07 20:23:15 UTC,20860275,shortcut_extractor,3.4.5,
103521349,AHOtuulikki,1209258.0,6465,T6,2018-04-25 18:09:06 UTC,20860303,shortcut_extractor,3.4.5,
103548631,A1yanaNDM,1769052.0,6465,T6,2018-04-25 19:46:02 UTC,20860303,shortcut_extractor,3.4.5,
103735490,not-logged-in-70402cc5e7c0f8252d2d,,6465,T6,2018-04-26 19:11:41 UTC,20860303,shortcut_extractor,3.4.5,
103799308,nahartman,1739337.0,6465,T6,2018-04-27 02:08:49 UTC,20860303,shortcut_extractor,3.4.5,
104249438,mrcrow,1467348.0,6465,T6,2018-04-29 01:18:53 UTC,20860303,shortcut_extractor,3.4.5,
105402561,not-logged-in-cb0b973f7e400b770006,,6465,T6,2018-05-02 15:44:48 UTC,20860303,shortcut_extractor,3.4.5,
105452414,k8mielke,1648210.0,6465,T6,2018-05-02 18:33:03 UTC,20860303,shortcut_extractor,3.4.5,
105547824,xfr,1775007.0,6465,T6,2018-05-03 00:15:47 UTC,20860303,shortcut_extractor,3.4.5,
105690089,not-logged-in-b30c2dfdd29d7badd456,,6465,T6,2018-05-03 15:47:52 UTC,20860303,shortcut_extractor,3.4.5,
113574524,not-logged-in-0041b9c3c97120021d44,,6465,T6,2018-06-08 13:14:26 UTC,20860303,shortcut_extractor,3.4.5,
103674912,not-logged-in-38c3cdc58570f610e668,,6465,T6,2018-04-26 15:33:59 UTC,20860289,shortcut_extractor,3.4.5,1.0
103746021,not-logged-in-99a9663cfeac041b6cda,,6465,T6,2018-04-26 19:56:53 UTC,20860289,shortcut_extractor,3.4.5,1.0
103757435,MERRN1,772724.0,6465,T6,2018-04-26 20:49:51 UTC,20860289,shortcut_extractor,3.4.5,
105436829,k8mielke,1648210.0,6465,T6,2018-05-02 17:46:33 UTC,20860289,shortcut_extractor,3.4.5,
106630354,not-logged-in-4aeb5378b6d20c12f0cc,,6465,T6,2018-05-07 23:06:32 UTC,20860289,shortcut_extractor,3.4.5,
108068905,melisagallinar,1784167.0,6465,T6,2018-05-17 19:47:44 UTC,20860289,shortcut_extractor,3.4.5,
113241663,Corradini015,1765866.0,6465,T6,2018-06-06 07:31:56 UTC,20860289,shortcut_extractor,3.4.5,
113353683,familyhk,1752522.0,6465,T6,2018-06-07 00:50:22 UTC,20860289,shortcut_extractor,3.4.5,
114034723,Hussainj,1795081.0,6465,T6,2018-06-12 19:46:39 UTC,20860289,shortcut_extractor,3.4.5,
114924671,thatchyfern,1723474.0,6465,T6,2018-06-20 20:34:10 UTC,20860289,shortcut_extractor,3.4.5,
103541510,yuripuppies,1478495.0,6465,T6,2018-04-25 19:14:48 UTC,20860283,shortcut_extractor,3.4.5,
103574331,jsnyder111,3182.0,6465,T6,2018-04-25 22:16:46 UTC,20860283,shortcut_extractor,3.4.5,
103873728,not-logged-in-0ba0429bb65ac263474f,,6465,T6,2018-04-27 15:37:52 UTC,20860283,shortcut_extractor,3.4.5,
106452208,ginajo,1779414.0,6465,T6,2018-05-06 22:11:59 UTC,20860283,shortcut_extractor,3.4.5,
106662784,Charlenel,1601152.0,6465,T6,2018-05-08 04:11:59 UTC,20860283,shortcut_extractor,3.4.5,
106875863,not-logged-in-86c2acaf9525cd3b24ab,,6465,T6,2018-05-09 14:31:55 UTC,20860283,shortcut_extractor,3.4.5,
109710002,AnakinLeydic,1781404.0,6465,T6,2018-05-22 16:41:44 UTC,20860283,shortcut_extractor,3.4.5,
114209402,MariaSC,1728017.0,6465,T6,2018-06-14 05:46:44 UTC,20860283,shortcut_extractor,3.4.5,
116033534,kennethbokc,1801950.0,6465,T6,2018-07-03 23:19:35 UTC,20860283,shortcut_extractor,3.4.5,
123976042,damara,1818553.0,6465,T6,2018-09-17 17:06:09 UTC,20860283,shortcut_extractor,3.4.5,
103514349,Xevandylreth,1576952.0,6465,T6,2018-04-25 17:43:19 UTC,20860294,shortcut_extractor,3.4.5,
104134761,smona03,1665402.0,6465,T6,2018-04-28 15:57:56 UTC,20860294,shortcut_extractor,3.4.5,
107388903,JBlundell,1740941.0,6465,T6,2018-05-13 01:58:30 UTC,20860294,shortcut_extractor,3.4.5,
108069246,melisagallinar,1784167.0,6465,T6,2018-05-17 19:49:51 UTC,20860294,shortcut_extractor,3.4.5,
113846542,MatasGrygel,1693494.0,6465,T6,2018-06-10 23:49:46 UTC,20860294,shortcut_extractor,3.4.5,
115709950,ClaireW1,1620325.0,6465,T6,2018-06-30 11:03:03 UTC,20860294,shortcut_extractor,3.4.5,
119207688,not-logged-in-fd1f15f1494b709de572,,6465,T6,2018-08-02 17:50:35 UTC,20860294,shortcut_extractor,3.4.5,
121216034,not-logged-in-e0a4ac9ad2ff35bd48ad,,6465,T6,2018-08-22 16:02:16 UTC,20860294,shortcut_extractor,3.4.5,
122354579,jponce2018,1801762.0,6465,T6,2018-09-03 04:51:53 UTC,20860294,shortcut_extractor,3.4.5,
122748925,sbaugh6,1689882.0,6465,T6,2018-09-06 20:09:21 UTC,20860294,shortcut_extractor,3.4.5,
103549019,not-logged-in-2029ad7f3b8a9edd9322,,6465,T6,2018-04-25 19:47:48 UTC,20860297,shortcut_extractor,3.4.5,
103708112,BioFunBus,1774712.0,6465,T6,2018-04-26 17:32:42 UTC,20860297,shortcut_extractor,3.4.5,
106557119,4804098578,1514624.0,6465,T6,2018-05-07 15:59:33 UTC,20860297,shortcut_extractor,3.4.5,
107952684,JanetYe,1783701.0,6465,T6,2018-05-17 01:45:29 UTC,20860297,shortcut_extractor,3.4.5,
114835675,thewilk,1799640.0,6465,T6,2018-06-19 23:03:24 UTC,20860297,shortcut_extractor,3.4.5,
114837059,Choudhry96,1799335.0,6465,T6,2018-06-19 23:31:48 UTC,20860297,shortcut_extractor,3.4.5,
116848156,not-logged-in-a6031178df0531dfa4ba,,6465,T6,2018-07-11 08:19:03 UTC,20860297,shortcut_extractor,3.4.5,
117753883,not-logged-in-110360f198a41b063b53,,6465,T6,2018-07-19 13:22:28 UTC,20860297,shortcut_extractor,3.4.5,
122726178,sbaugh6,1689882.0,6465,T6,2018-09-06 17:32:26 UTC,20860297,shortcut_extractor,3.4.5,
122961450,petyerakne,1589510.0,6465,T6,2018-09-08 12:11:00 UTC,20860297,shortcut_extractor,3.4.5,
103502646,errantdog,1156614.0,6465,T6,2018-04-25 16:54:45 UTC,20860291,shortcut_extractor,3.4.5,
103509393,not-logged-in-2b1434681b49cfd4aab4,,6465,T6,2018-04-25 17:24:32 UTC,20860291,shortcut_extractor,3.4.5,
103552394,pwendystevens,711441.0,6465,T6,2018-04-25 20:03:25 UTC,20860291,shortcut_extractor,3.4.5,
104184941,Cliffandra,1599552.0,6465,T6,2018-04-28 20:03:51 UTC,20860291,shortcut_extractor,3.4.5,
105500666,not-logged-in-4fe7758b5694b3e785aa,,6465,T6,2018-05-02 20:52:01 UTC,20860291,shortcut_extractor,3.4.5,1.0
108067295,chvenini,1784163.0,6465,T6,2018-05-17 19:37:16 UTC,20860291,shortcut_extractor,3.4.5,
108175526,Whardy1,721962.0,6465,T6,2018-05-18 15:18:46 UTC,20860291,shortcut_extractor,3.4.5,
113495132,Jent,1646152.0,6465,T6,2018-06-07 21:39:05 UTC,20860291,shortcut_extractor,3.4.5,
113866730,lauram13,807323.0,6465,T6,2018-06-11 07:25:26 UTC,20860291,shortcut_extractor,3.4.5,
114892126,not-logged-in-600a5ee5d6645bc62fe2,,6465,T6,2018-06-20 14:02:13 UTC,20860291,shortcut_extractor,3.4.5,1.0
103589471,not-logged-in-b2cf00eeebcaa7905244,,6465,T6,2018-04-26 00:35:53 UTC,20860308,shortcut_extractor,3.4.5,
103601528,not-logged-in-083a91a7937eff1c5f81,,6465,T6,2018-04-26 01:59:52 UTC,20860308,shortcut_extractor,3.4.5,
103647872,Mysty886,1565309.0,6465,T6,2018-04-26 12:20:43 UTC,20860308,shortcut_extractor,3.4.5,
103656243,not-logged-in-6949b7628c586e5dc013,,6465,T6,2018-04-26 13:14:11 UTC,20860308,shortcut_extractor,3.4.5,
103672501,not-logged-in-06a28f447b13bca483f7,,6465,T6,2018-04-26 15:19:39 UTC,20860308,shortcut_extractor,3.4.5,
103706951,biosquad123,1774717.0,6465,T6,2018-04-26 17:28:59 UTC,20860308,shortcut_extractor,3.4.5,
103752031,garrett224,1684766.0,6465,T6,2018-04-26 20:24:58 UTC,20860308,shortcut_extractor,3.4.5,
103799567,nahartman,1739337.0,6465,T6,2018-04-27 02:11:01 UTC,20860308,shortcut_extractor,3.4.5,
104480239,StepskiVuk,1480337.0,6465,T6,2018-04-30 01:53:30 UTC,20860308,shortcut_extractor,3.4.5,
105541637,6536799,1777621.0,6465,T6,2018-05-02 23:41:06 UTC,20860308,shortcut_extractor,3.4.5,
103515585,not-logged-in-4d9d768812f11e4e5a79,,6465,T6,2018-04-25 17:48:22 UTC,20860309,shortcut_extractor,3.4.5,
103520786,midnightterrapin,793827.0,6465,T6,2018-04-25 18:07:28 UTC,20860309,shortcut_extractor,3.4.5,
103536937,pskcraig,1471146.0,6465,T6,2018-04-25 18:55:10 UTC,20860309,shortcut_extractor,3.4.5,
103545615,not-logged-in-0ace7215707772d47b73,,6465,T6,2018-04-25 19:33:27 UTC,20860309,shortcut_extractor,3.4.5,
103604461,JamesTDG,1653453.0,6465,T6,2018-04-26 02:32:29 UTC,20860309,shortcut_extractor,3.4.5,
103628142,PRO1CON2,1773267.0,6465,T6,2018-04-26 08:11:59 UTC,20860309,shortcut_extractor,3.4.5,
105499646,JBlundell,1740941.0,6465,T6,2018-05-02 20:48:45 UTC,20860309,shortcut_extractor,3.4.5,
114630466,helenacatt,1465011.0,6465,T6,2018-06-18 12:23:45 UTC,20860309,shortcut_extractor,3.4.5,
115301964,chwalker13,1799795.0,6465,T6,2018-06-25 17:27:37 UTC,20860309,shortcut_extractor,3.4.5,
116406320,ananyag19,1761505.0,6465,T6,2018-07-07 17:00:47 UTC,20860309,shortcut_extractor,3.4.5,
103505167,not-logged-in-1d801944125f37eee727,,6465,T6,2018-04-25 17:06:05 UTC,20860266,shortcut_extractor,3.4.5,
103603906,pskcraig,1471146.0,6465,T6,2018-04-26 02:24:54 UTC,20860266,shortcut_extractor,3.4.5,
103695235,not-logged-in-fc0cc7b76e076190fa4b,,6465,T6,2018-04-26 16:41:38 UTC,20860266,shortcut_extractor,3.4.5,
103705309,not-logged-in-dfe824feb08a85006866,,6465,T6,2018-04-26 17:21:32 UTC,20860266,shortcut_extractor,3.4.5,
103846814,Norreys,1708379.0,6465,T6,2018-04-27 12:27:30 UTC,20860266,shortcut_extractor,3.4.5,
103860451,not-logged-in-ede98e3b910a2c72e5ce,,6465,T6,2018-04-27 14:17:45 UTC,20860266,shortcut_extractor,3.4.5,
105498945,JBlundell,1740941.0,6465,T6,2018-05-02 20:46:27 UTC,20860266,shortcut_extractor,3.4.5,
108678540,tacatanach,1766593.0,6465,T6,2018-05-22 04:59:16 UTC,20860266,shortcut_extractor,3.4.5,
113848118,MatasGrygel,1693494.0,6465,T6,2018-06-11 00:32:21 UTC,20860266,shortcut_extractor,3.4.5,
115163738,stephanie.foret,1724578.0,6465,T6,2018-06-23 16:32:20 UTC,20860266,shortcut_extractor,3.4.5,
103901743,not-logged-in-3a1e22862739554037d5,,6465,T6,2018-04-27 18:33:51 UTC,20860280,shortcut_extractor,3.4.5,
104220636,mrcrow,1467348.0,6465,T6,2018-04-28 22:31:14 UTC,20860280,shortcut_extractor,3.4.5,
105399923,MasieRH,1050613.0,6465,T6,2018-05-02 15:33:32 UTC,20860280,shortcut_extractor,3.4.5,
106045660,not-logged-in-81dcbf7bc3d1fb769396,,6465,T6,2018-05-04 18:49:03 UTC,20860280,shortcut_extractor,3.4.5,
106401143,Suem28,1769525.0,6465,T6,2018-05-06 16:01:48 UTC,20860280,shortcut_extractor,3.4.5,
107024695,KimCC,1781320.0,6465,T6,2018-05-10 13:17:06 UTC,20860280,shortcut_extractor,3.4.5,
115995688,not-logged-in-d3f814622fc6b3a3b5cb,,6465,T6,2018-07-03 18:39:43 UTC,20860280,shortcut_extractor,3.4.5,
119742846,AKS59,1708483.0,6465,T6,2018-08-08 18:12:25 UTC,20860280,shortcut_extractor,3.4.5,
121847852,CeliaTesseur,1468205.0,6465,T6,2018-08-28 20:16:59 UTC,20860280,shortcut_extractor,3.4.5,
121892972,Slavomirius,1812737.0,6465,T6,2018-08-29 07:48:40 UTC,20860280,shortcut_extractor,3.4.5,
103446367,OlgaUkolova,324965.0,6465,T6,2018-04-25 09:15:33 UTC,20860305,shortcut_extractor,3.4.5,
103527342,LorinLumps,1648087.0,6465,T6,2018-04-25 18:24:53 UTC,20860305,shortcut_extractor,3.4.5,
103713981,readsandwiches,1658616.0,6465,T6,2018-04-26 17:56:11 UTC,20860305,shortcut_extractor,3.4.5,
103815178,not-logged-in-82db89a26b19ea3b556f,,6465,T6,2018-04-27 05:13:56 UTC,20860305,shortcut_extractor,3.4.5,
106750937,LillTiller,1780386.0,6465,T6,2018-05-08 17:50:28 UTC,20860305,shortcut_extractor,3.4.5,
108067497,MaxiVitelli,1784155.0,6465,T6,2018-05-17 19:38:37 UTC,20860305,shortcut_extractor,3.4.5,
114939575,Choudhry96,1799335.0,6465,T6,2018-06-21 00:14:11 UTC,20860305,shortcut_extractor,3.4.5,
116986449,not-logged-in-430beb17d1c601566a07,,6465,T6,2018-07-12 11:17:58 UTC,20860305,shortcut_extractor,3.4.5,
117629504,16prosserc,1804450.0,6465,T6,2018-07-18 10:37:47 UTC,20860305,shortcut_extractor,3.4.5,
119171395,AKS59,1708483.0,6465,T6,2018-08-02 10:58:42 UTC,20860305,shortcut_extractor,3.4.5,
119655792,Tharpykins,1808089.0,6465,T6,2018-08-07 19:53:23 UTC,20860305,shortcut_extractor,3.4.5,
103506163,not-logged-in-a2f26e89f4deed0f162c,,6465,T6,2018-04-25 17:10:36 UTC,20860306,shortcut_extractor,3.4.5,
103558190,Pramala,1705441.0,6465,T6,2018-04-25 20:34:34 UTC,20860306,shortcut_extractor,3.4.5,
104171517,astavoe,1733009.0,6465,T6,2018-04-28 19:11:39 UTC,20860306,shortcut_extractor,3.4.5,
105952092,not-logged-in-3d1fe4ecbad3611a4253,,6465,T6,2018-05-04 14:11:39 UTC,20860306,shortcut_extractor,3.4.5,
105996275,not-logged-in-5b4c65c2ed695c517a0c,,6465,T6,2018-05-04 16:31:18 UTC,20860306,shortcut_extractor,3.4.5,
106838266,Stacemorse,1463706.0,6465,T6,2018-05-09 07:16:07 UTC,20860306,shortcut_extractor,3.4.5,
108030530,not-logged-in-e46b8429d1d4d010b0f1,,6465,T6,2018-05-17 16:20:28 UTC,20860306,shortcut_extractor,3.4.5,
112755271,Janet.White,1703838.0,6465,T6,2018-06-02 17:03:31 UTC,20860306,shortcut_extractor,3.4.5,
114418468,OldWoodchuck,1526941.0,6465,T6,2018-06-16 02:28:15 UTC,20860306,shortcut_extractor,3.4.5,
119810560,AKS59,1708483.0,6465,T6,2018-08-09 10:24:48 UTC,20860306,shortcut_extractor,3.4.5,
103640464,sfujita180,1737934.0,6465,T6,2018-04-26 11:05:08 UTC,20860302,shortcut_extractor,3.4.5,
107246890,ArielStura,1782032.0,6465,T6,2018-05-11 19:37:59 UTC,20860302,shortcut_extractor,3.4.5,
107432111,not-logged-in-87d85f7ed4ca05b2e340,,6465,T6,2018-05-13 13:53:28 UTC,20860302,shortcut_extractor,3.4.5,
111882280,everythingisblue,1790161.0,6465,T6,2018-05-29 13:56:50 UTC,20860302,shortcut_extractor,3.4.5,
112624754,not-logged-in-75f2f0c505494207689b,,6465,T6,2018-06-01 19:08:08 UTC,20860302,shortcut_extractor,3.4.5,
116955418,not-logged-in-151836acf44b3608fb3e,,6465,T6,2018-07-12 04:32:47 UTC,20860302,shortcut_extractor,3.4.5,
117571307,not-logged-in-25afd8e31ea6a9d54e3e,,6465,T6,2018-07-17 19:17:02 UTC,20860302,shortcut_extractor,3.4.5,
119445562,AKS59,1708483.0,6465,T6,2018-08-05 12:01:38 UTC,20860302,shortcut_extractor,3.4.5,
119900901,Bimmy,1468914.0,6465,T6,2018-08-09 22:44:50 UTC,20860302,shortcut_extractor,3.4.5,
121831040,fitzpatrick7,1662797.0,6465,T6,2018-08-28 18:12:00 UTC,20860302,shortcut_extractor,3.4.5,
103706801,bbockoven,1774742.0,6465,T6,2018-04-26 17:28:22 UTC,20860301,shortcut_extractor,3.4.5,
103714323,not-logged-in-8a32c600dcc2f58b27fe,,6465,T6,2018-04-26 17:57:25 UTC,20860301,shortcut_extractor,3.4.5,
103739851,not-logged-in-48bf64e983c3ec6c46b0,,6465,T6,2018-04-26 19:31:12 UTC,20860301,shortcut_extractor,3.4.5,
103842974,Norreys,1708379.0,6465,T6,2018-04-27 11:46:36 UTC,20860301,shortcut_extractor,3.4.5,
106349888,MariaSC,1728017.0,6465,T6,2018-05-06 06:45:06 UTC,20860301,shortcut_extractor,3.4.5,
108065481,martin.a.goya,1784154.0,6465,T6,2018-05-17 19:26:30 UTC,20860301,shortcut_extractor,3.4.5,
109068242,vkrahe.2021,1714898.0,6465,T6,2018-05-22 11:39:51 UTC,20860301,shortcut_extractor,3.4.5,
111076167,funtofunghi,1789690.0,6465,T6,2018-05-24 11:13:11 UTC,20860301,shortcut_extractor,3.4.5,
113297093,BeataDunne,1756090.0,6465,T6,2018-06-06 16:52:07 UTC,20860301,shortcut_extractor,3.4.5,
113572828,not-logged-in-0041b9c3c97120021d44,,6465,T6,2018-06-08 12:56:38 UTC,20860301,shortcut_extractor,3.4.5,
103799204,nahartman,1739337.0,6465,T6,2018-04-27 02:07:57 UTC,20860265,shortcut_extractor,3.4.5,
103839597,Sternguin,1747044.0,6465,T6,2018-04-27 11:00:11 UTC,20860265,shortcut_extractor,3.4.5,
106125855,SherryH87,1777455.0,6465,T6,2018-05-05 00:02:03 UTC,20860265,shortcut_extractor,3.4.5,
107189262,darktruth,478315.0,6465,T6,2018-05-11 13:51:01 UTC,20860265,shortcut_extractor,3.4.5,
107656893,not-logged-in-03eaaa4ad97998ceeb38,,6465,T6,2018-05-15 06:38:42 UTC,20860265,shortcut_extractor,3.4.5,
107786128,Nikbballer,1782521.0,6465,T6,2018-05-16 02:04:55 UTC,20860265,shortcut_extractor,3.4.5,
108041725,P1ngu,1783909.0,6465,T6,2018-05-17 17:16:00 UTC,20860265,shortcut_extractor,3.4.5,
108069102,agustinlalli,1784152.0,6465,T6,2018-05-17 19:48:56 UTC,20860265,shortcut_extractor,3.4.5,
114212400,MariaSC,1728017.0,6465,T6,2018-06-14 06:34:04 UTC,20860265,shortcut_extractor,3.4.5,
119311756,AKS59,1708483.0,6465,T6,2018-08-03 17:22:54 UTC,20860265,shortcut_extractor,3.4.5,
